,User,Tweet
0,ivanadolfogaln,"RT @lilulema: @VickyDavilaH Pero NUNCA mostraron la propaganda negra que le hac√≠an a Petro y a√∫n le hacen con JJ Rend√≥n 
Y las bodegas urib‚Ä¶"
1,Carolin92387192,"RT @CarlosCarrilloA: Se√±or @juanmanuelgalan, el Transmimetro de @EnriquePenalosa ni siquiera tiene hoy completos sus dise√±os: no mienta. ¬øV‚Ä¶"
2,lozano28081,RT @VickyDavilaH: ‚ÄúNo grabemos esto‚Äù: asesor de Petro dice que hay que vender a sus rivales como los de la ‚Äúpol√≠tica de la muerte‚Äù https://‚Ä¶
3,JorgeRi51030641,RT @Don_Patriota1: La vida de Vicky D√°vila y Rodolfo Hern√°ndez corren peligro. Ojal√° Gustavo Petro no los mande a asesinar. #PetroElSucio
4,franck_ram,"RT @_Gelver_: Vicky D√°vila directora de Revista Semana ocult√≥ informaci√≥n sobre el laboratorio de coca√≠na del ex embajador Sanclemente, mie‚Ä¶"
5,BederUsma,"RT @AdamSmithFree: üëâ Gustavo Petro, Roy Barreras, Armando Benedetti, ELN, FARC y todas las bandas criminales que trabajan para el #PactoDeL‚Ä¶"
6,Anibal76857747,"RT @danielamercadom: Esto es el pacto de la Picota: hacer acuerdos con extraditables a cambio de votos por el candidato. Y no, estas no son‚Ä¶"
7,MissPandebonos,"RT @davidcancino: Con los Petrovideos y la manipulaci√≥n del secuestro de la hija de Rodolfo, se rompi√≥ toda posibilidad de di√°logo y racioc‚Ä¶"
8,Dayis_Jaramillo,"RT @tavo2366: Los videos est√°n demostrando lo que todos sospech√°bamos:

Gustavo Petro es un tipo decente."
9,Guiller_Rubiano,RT @RafaNietoLoaiza: Grabaciones filtradas dicen que un empresario pag√≥ equipo de comunicaciones de Petro. El empresario dice que s√≠ le pag‚Ä¶
10,Avatar91029593,"RT @GustavoBolivar: Con el triunfo de Gustavo Petro y Francia Marquez, a Macondo, a Magdalena y a Colombia se le acabar√°n los 100 a√±os de a‚Ä¶"
11,javicamachofor,"RT @tavo2366: Los videos est√°n demostrando lo que todos sospech√°bamos:

Gustavo Petro es un tipo decente."
12,F_Gonzalezqwe,@JulianRoman Rodolfo Hern√°ndez presidente mil veces Petro genocida indultado mentiroso vergonzoso su actuaci√≥n en t‚Ä¶ https://t.co/MUxQK3x51R
13,JorgeCalpa1,"RT @Ryan_Thomas1975: Cada ataque de Duque por el mundo contra el candidato, es un voto m√°s firme de un Colombiano por Petro...
Ni yo lo hub‚Ä¶"
14,JFValenciaF,"RT @davidcancino: Con los Petrovideos y la manipulaci√≥n del secuestro de la hija de Rodolfo, se rompi√≥ toda posibilidad de di√°logo y racioc‚Ä¶"
15,HernandoSilvers,"RT @alejarojas_g: El Tracking presidencial:

Gustavo Petro 48,1%
Rodolfo Hern√°ndez 46,8%

Con los buenoskys dias üòç"
16,andreslara501,Se viene el video de Petro esnifando coca√≠na en el ombligo de un transexual üò± https://t.co/tP0YXAK0RK
17,LaConstwitt,@agor_col @AnarcoNoventero Lo de la viga en el ojo nos cae a todxs. Tambi√©n he escuchado absurdos sobre Petro y nos‚Ä¶ https://t.co/jPTRZfm5SN
18,waam1984,RT @juanialferez: Lo que esta haciendo Gustavo petro ahora mismo es de una grandeza. Esta exigiendo a vicky davila que muestre los v√≠deos c‚Ä¶
19,LopezHAlexa,RT @gabocifuentes: Gustavo Petro tiene enormes chances de ganar. Y a√∫n as√≠ los Gilinsky siguen haciendo OPAs (Oferta P√∫blica de Adquisici√≥n‚Ä¶
20,Sixela73590390,RT @IvanCepedaCast: Boric respalda a Petro de cara a las elecciones en Colombia https://t.co/8yQ3QSarpV v√≠a @elpaisamericaco
21,CorrealCi_juan,"RT @RevistaSemana: En una grabaci√≥n conocida en exclusiva por SEMANA, se pudo escuchar como Ver√≥nica Alcocer, esposa de Gustavo Petro, le d‚Ä¶"
22,JohnGon25893252,"RT @MariaFdaCabal: As√≠ nos construyeron -a quienes hemos sido sus rivales-, nuestras biograf√≠as. Nos convirtieron en  asesinos, desplazador‚Ä¶"
23,Zuly62303836,"RT @Boniito_asi: @Margaritarosadf Si, yo lo veo, veo a un Petro que NUNCA va a quedarse en una casa humilde para conocer sus necesidades.‚Ä¶"
24,ImJessLovato,"RT @FisicoImpuro: Ya que Vicky Davila chuz√≥ toda la campa√±a de Gustavo Petro y Francia M√°rquez, por qu√© no sacan las grabaciones donde los‚Ä¶"
25,chigorodo1105,RT @infobaecolombia: Pruebas demostrar√≠an que Daniel Quintero desvi√≥ recursos de la Alcald√≠a de Medell√≠n para la campa√±a de Gustavo Petro h‚Ä¶
26,jolumoga,"RT @JACOBOSOLANOC: Encuesta IMVAMER: Rodolfo Hern√°ndez (48,2 %) supera a Gustavo Petro (47,2 %)  empate t√©cnico. Elecciones de infarto."
27,KakashiSitp,"RT @tavo2366: Los videos est√°n demostrando lo que todos sospech√°bamos:

Gustavo Petro es un tipo decente."
28,salvador_mallo,RT @elcachaco: Becassino escondiendo a Hernandez para que no vaya a embarrarla en el momento de mayor cuestionamiento a Petro y estando de‚Ä¶
29,guelmiaguero,"RT @RevistaSemana: En una grabaci√≥n conocida en exclusiva por SEMANA, se pudo escuchar como Ver√≥nica Alcocer, esposa de Gustavo Petro, le d‚Ä¶"
30,Carlosg38984106,"@VickyDavilaH No mostr√≥ videos, edit√≥ unos v√≠deos y mostr√≥ lo que quer√≠a mostrar, lo que usted hizo fu√© mostrar el‚Ä¶ https://t.co/WAXFXLKoAI"
31,DavidFerGarciaA,"RT @alejarojas_g: El Tracking presidencial:

Gustavo Petro 48,1%
Rodolfo Hern√°ndez 46,8%

Con los buenoskys dias üòç"
32,HermanWilches,"@calderonwiliams Pero completos nada fuera de contexto, muestrenos los 9 meses de espionaje de la campa√±a de Petro, me interesa"
33,DianaGu43563318,"RT @OscarArroyave7: ¬°Quienes me pueden confirmar que van a votar por Gustavo Petro para que nos sigamos de inmediato! (""Copie y pegue"") htt‚Ä¶"
34,osolonska,@petro_lytvyn –Æ
35,jacramr,"RT @Enrique_GomezM: La falsa ret√≥rica de estalinista de Petro y Barreras: lo grave no fue quemar el Palacio, sino tratar de recuperarlo, lo‚Ä¶"
36,jeisonsarmien14,"RT @GustavoBolivar: Con el triunfo de Gustavo Petro y Francia Marquez, a Macondo, a Magdalena y a Colombia se le acabar√°n los 100 a√±os de a‚Ä¶"
37,julichacon82,RT @FisicoImpuro: Egan Bernal se va a ir de culo cuando se entere que Gabriel Garc√≠a M√°rquez era m√°s de izquierda que el mism√≠simo Gustavo‚Ä¶
38,JulioPenarandaC,"RT @tavo2366: Los videos est√°n demostrando lo que todos sospech√°bamos:

Gustavo Petro es un tipo decente."
39,calonso2006hot1,RT @juanialferez: Lo que esta haciendo Gustavo petro ahora mismo es de una grandeza. Esta exigiendo a vicky davila que muestre los v√≠deos c‚Ä¶
40,GaravitoZoraida,RT @IvanCepedaCast: Hoy estar√© en Cartagena hablando con pescadores e invitando a la ciudadan√≠a a votar por Petro y Francia: https://t.co/w‚Ä¶
41,danielramks,RT @ValenciaGermanC: #Denuncia | Fan√°ticos petristas han quemado caba√±a de un proyecto tur√≠stico de un ciudadano por apoyar al Ingeniero Ro‚Ä¶
42,Jonnllanero,"RT @lucianacadahia: Clase b√°sica de periodismo para @lasillavacia: Petro no viene a ""arrebatarle"" el voto a nadie. En todo caso su programa‚Ä¶"
43,Rubio6913,"@RevistaSemana Los rolos se quejaban de sus gobernantes, petro, claudia, pe√±alosa y lleg√≥ uno solo a Medell√≠n y nos‚Ä¶ https://t.co/O4enIsTmSa"
44,ULFTah4d6dvCCjw,RT @everstrongever: Ver√≥nica Alcocer dice que Petro con lo que tiene ya demostr√≥ en dos campa√±as que no puede y en esta tampoco va a poder.‚Ä¶
45,guidogomez1973,"RT @VickyDavilaH: Atenci√≥n: Rodolfo Hern√°ndez (48,2%) le toma ventaja de nuevo a Gustavo Petro (47,2%), seg√∫n encuesta de Invamer https://t‚Ä¶"
46,ZAIRACENITH,RT @StephBatesPress: Lo de #VargasLleras y #Petro nos deja claro que en la ‚Äúpol√≠tica‚Äù todo se vale y detr√°s nuestro todos son amigos hacien‚Ä¶
47,SamaelSMT,RT @ingrodolfohdez: Ayer se hicieron p√∫blicos unos videos donde Petro y los politiqueros que lo rodean demuestran que son una banda crimina‚Ä¶
48,81hunterg,"RT @davidcancino: Con los Petrovideos y la manipulaci√≥n del secuestro de la hija de Rodolfo, se rompi√≥ toda posibilidad de di√°logo y racioc‚Ä¶"
49,wilsonperdomo07,"RT @AlfonsoGmezGme6: PETRO-VIDEOS. Con absoluta seguridad, todas las campa√±as acordaron destacar fallas, y asuntos negativos de sus adversa‚Ä¶"
50,felip_utoguerra,"RT @estebanrestre: Petro le va a ganar al establecimiento, no tengo ninguna duda."
51,cuentoycompongo,"RT @SaninPazC: Desde hace meses llenaron las calles de vallas con el lema ""Paren a Petro"". ¬øY dicen que Petro hace campa√±a sucia? No es des‚Ä¶"
52,lulu_doradoh,"RT @RafaNietoLoaiza: Aquellos de buena fe que apoyaron a Petro y, despu√©s de descubierta su estrategia de mentiras, difamaciones y calumnia‚Ä¶"
53,Cesar66028479,"RT @GustavoBolivar: Encuesta Invamer
Petro 47.2
Rodolfo 48.2

O nos movemos a conseguir un voto m√°s o Rodolfo reencaucha al Duqueuribismo q‚Ä¶"
54,MCamacho_04,"RT @ColombiaHumana_: ¬øQu√© tal este Petro video hoy en Quibd√≥, Choc√≥?

#ElChocoConPetro
#RumboALaVictoria
@petrogustavo https://t.co/Vty3qtk‚Ä¶"
55,sandramos07,RT @FisicoImpuro: Petro anunci√≥ amenazas en su contra y de una vez sali√≥ la polic√≠a a decir que era mentira. Robolfo Hern√°ndez dice que qui‚Ä¶
56,germayago,"RT @Btoscano6: Y Nestor Morales ""el primer cu√±ao bobo de la naci√≥n"", Vicky  y Luis Carlos Velez alias ""pendejo feliz"", no aprovechan el gan‚Ä¶"
57,juca1017,"RT @MAndreaNieto: #LosPetroVideos son la prueba de lo que ya sab√≠amos! La guerra sucia, el ataque con noticias falsas, desprestigiar al con‚Ä¶"
58,luzcriadmon_s,"RT @GustavoBolivar: Encuesta Invamer
Petro 47.2
Rodolfo 48.2

O nos movemos a conseguir un voto m√°s o Rodolfo reencaucha al Duqueuribismo q‚Ä¶"
59,Luise35670539,RT @DiazElfred: #UnVotoM√°sPorPetro esto no se detiene en my barrio petro presidente
60,alejandroher75,"RT @vital_impulso: Vote por Petro en la primera vuelta, pero despu√©s de ver los videos y ver que no hay ni mierd@ de delitos voy a volver a‚Ä¶"
61,afsabagh,RT @elcolombiano: Cristian Daes habr√≠a pagado los asesores de comunicaciones de Gustavo Petro. Esta es la pol√©mica: https://t.co/LRpCz7h969‚Ä¶
62,AlexDeL17023933,"RT @AlfonsoGmezGme6: PETRO-VIDEOS. Con absoluta seguridad, todas las campa√±as acordaron destacar fallas, y asuntos negativos de sus adversa‚Ä¶"
63,nathannovGo,"@lcvelez @lafm Junio 9
Gustavo Petro 48,5%
Rodolfo Hern√°ndez 46,7%

Junio 10
Gustavo Petro 48,1% -0.4
Rodolfo Hern√°‚Ä¶ https://t.co/qn4TNqJ8gc"
64,Danicocoramon,RT @FisicoImpuro: Egan Bernal se va a ir de culo cuando se entere que Gabriel Garc√≠a M√°rquez era m√°s de izquierda que el mism√≠simo Gustavo‚Ä¶
65,AndresP84266697,"RT @UltimaHoraBLU: #Atenci√≥n La Procuradur√≠a abri√≥ investigaci√≥n al alcalde de Cali, Jorge Iv√°n Ospina, por presunta participaci√≥n en pol√≠t‚Ä¶"
66,Johanajjcol,"RT @VickyDavilaH: ¬øQui√©n es Sebasti√°n Guanumen, el estratega de Petro que mont√≥ campa√±a sucia contra Fico? https://t.co/FaA5qvN9WN"
67,MEEDITORES,"RT @elcolombiano: Le contamos aqu√≠ los detalles sobre la estrategia de la campa√±a de Petro para enlodar adversarios, mover bodegas y tenden‚Ä¶"
68,ogutiep,"RT @RevistaSemana: En una grabaci√≥n conocida en exclusiva por SEMANA, se pudo escuchar como Ver√≥nica Alcocer, esposa de Gustavo Petro, le d‚Ä¶"
69,mancho1512,"RT @VickyDavilaH: Atenci√≥n: Rodolfo Hern√°ndez (48,2%) le toma ventaja de nuevo a Gustavo Petro (47,2%), seg√∫n encuesta de Invamer https://t‚Ä¶"
70,juanc_orjuela,RT @cristinaplazasm: ¬°Pilas! No es solo ROY; es la campa√±a del pacto hist√≥rico en cabeza de Gustavo Petro. El candidato estaba en varias re‚Ä¶
71,anmunera,@alfombra182 Entonces Petro y secuaces son bandidos. Las cosas como son.
72,mafe_bs,RT @tobonsanin: El programa de gobierno de Gustavo Petro es el √∫nico que defiende realmente los derechos de la mujer y su empoderamiento ec‚Ä¶
73,luish_08,RT @DiegoASantos: ¬øYa saben la oposici√≥n y los medios a qu√© atenerse cuando Petro sea Presidente? Su grupo sin √©tica ni moral los vincular√°‚Ä¶
74,WilchesErwin,"RT @JPEcheverry4: - Expl√≠came por qu√© ‚ÄúSandra peluquer√≠a‚Äù te anda mandando fotos desnuda?

- Tu por qu√© me revisas en celular sin permiso?‚Ä¶"
75,Petro__p,"RT @wady0801: ‡∏Ç‡∏≤‡∏¢‡πÄ‡∏Å‡πà‡∏á‡∏™‡∏∏‡∏î‡∏ß‡∏±‡∏ô‡∏ô‡∏µ‡πâ : ‡∏ô‡∏ô‡∏ô ‡∏Å‡∏£‡∏†‡∏±‡∏ó‡∏£‡πå
‡∏°‡πà‡∏ß‡∏ô‡∏™‡∏∏‡∏î‡∏ß‡∏±‡∏ô‡∏ô‡∏µ‡πâ : ‡∏ö‡∏•‡∏±‡∏ü‡∏ó‡∏µ‡∏°‡∏ö‡∏≠‡∏•
‡∏ï‡∏•‡∏Å‡∏™‡∏∏‡∏î‡∏ß‡∏±‡∏ô‡∏ô‡∏µ‡πâ : ‡∏ã‡∏±‡∏ö‡πÉ‡∏ô 3 ‡∏ï‡∏±‡∏ß
‡πÄ‡∏Ç‡∏¥‡∏ô‡∏™‡∏∏‡∏î‡∏ß‡∏±‡∏ô‡∏ô‡∏µ‡πâ : ‡∏™‡∏ô‡∏∏‡∏Å‡∏°‡∏±‡πâ‡∏¢? ‡∏Å‡πá‡∏î‡∏µ 

#MISTIN‚Ä¶"
76,AlvaroMolinaBr3,RT @RoyBarreras: Este si es el Supervideo in√©dito con el propio Petro! Ve√°nlo! https://t.co/PfjjJ7qADV
77,tatocastanoc,Petristas!! Quienes me pueden confirmar que van a votar por Gustavo Petro para que nos sigamos de inmediato??. Come‚Ä¶ https://t.co/Bsu60d3mSZ
78,MilenaR99235188,"@Gonzalo29142094 @Lindauer1991 Colombia no quiere m√°s petro ,est√° campa√±a solo genera odio, divisi√≥n y lo m√°s trizt‚Ä¶ https://t.co/JkN8sQCcLA"
79,MarinesLondono,"RT @LaNocheNTN24: ""Aqu√≠ estamos viendo una guerra sucia por parte de la campa√±a de Gustavo Petro contra los dem√°s, la campa√±a de Gaviria fu‚Ä¶"
80,willismithxxx,"RT @ElRoRodry: Interceptan a Gustavo Petro y Colombia se da cuenta que es un tipo correcto.

Gracias uribismo, por este nuevo impulso ü§≠"
81,BeatrizBhv,"RT @BOLIBAR2: Han notado que las posturas no verbales de Petro son indignantes,oscuras,sobradas y hasta petulante,nunca asume una posici√≥n‚Ä¶"
82,negecas1,"RT @MariaFdaCabal: As√≠ nos construyeron -a quienes hemos sido sus rivales-, nuestras biograf√≠as. Nos convirtieron en  asesinos, desplazador‚Ä¶"
83,Andresj74040480,"RT @CarreoPi2: Las encuestadoras y la registradur√≠a, al parecer, ya le pusieron techo a Gustavo Petro del 47.1% Ojo al fraude, que vamos a‚Ä¶"
84,c_pedro,"Elet3 volume 3x maior que petro hj, nenhuma surpresa - movimento mais √≥bvio do ano."
85,SrCorleone11,RT @VillaPrensa: @DiegoASantos @andrutoy Petro jam√°s ha manifestado una intenci√≥n de cambio. No se conoce ning√∫n registro donde haya tenido‚Ä¶
86,MANUELGIOVANNY1,RT @LevyRincon: Aqu√≠ todos los periodistas carro√±eros han vivido los √∫ltimos a√±os de calumniar y meterse en la vida de Petro‚Ä¶ Pero vaya y u‚Ä¶
87,Rey_Salomon_,"RT @VickyDavilaH: Atenci√≥n: Rodolfo Hern√°ndez (48,2%) le toma ventaja de nuevo a Gustavo Petro (47,2%), seg√∫n encuesta de Invamer https://t‚Ä¶"
88,hdr347,RT @santiagolozanow: Petristas!! Quienes me pueden confirmar que van a votar por Gustavo Petro para que nos sigamos de inmediato?? Ayudemos‚Ä¶
89,jaqueoso,"RT @croactibo: #PetrismoSucio
Con billetes de 50 D√≥lares pagaron votos a favor de Petro en la primera vuelta... y lo m√°s asqueroso es que l‚Ä¶"
90,AnaleonorOsuna2,"@afperezm @Patrici37458158 @ladel602 ac√° la subida en el pedestal seg√∫n tu, soy yo. ü§≠
Desarmate  respeto tu voto si‚Ä¶ https://t.co/21GcxhGAad"
91,palmero_2010,"RT @CarlosE91647320: @VickyDavilaH Eso no fue una noticia , eso fue un mandado.
Ustedes tienen inter√©s en da√±ar la campa√±a de Petro Preside‚Ä¶"
92,gusrodfck,RT @Pata_Leo: Pr√≥ximamente en Seman* un nuevo video donde se evidenciar√° la falta de ritmo de Petro al bailar con el titular: ¬øPor qu√© tan‚Ä¶
93,DianaMesaR12,"RT @Eclides3: Petro visita y comparte con la gente pobre del Choc√≥. 
Robofico visita a herederos del paramilitarismo y del narcotr√°fico que‚Ä¶"
94,jhonnny_rb,RT @vovallediaz: El nivel √©tico de la supuesta periodista Vicky D√°vila de Gnecco  es de tal magnitud que lo m√°s importante que encontr√≥ en‚Ä¶
95,jimenez_lillyam,Petro es Castrochavismo por idear:  el gas de red  por  Energias Limpias.  protagonista  la contralor√≠a General de‚Ä¶ https://t.co/U0mqN5i4cc
96,caroalg,"RT @JeanDurangoC: Aqu√≠ vemos a Petro y Francia explicando su programa de gobierno y las verdades sobre Robolfo Hernandez. Los ""periodistas""‚Ä¶"
97,SrKunp,"@_juanr17 @catasierra01 Realmente no. Las dos me parecen igual de despreciables.
Si piensas que por no creerle todo‚Ä¶ https://t.co/FMs83nsfeu"
98,irozevia1,RT @juanialferez: Lo que esta haciendo Gustavo petro ahora mismo es de una grandeza. Esta exigiendo a vicky davila que muestre los v√≠deos c‚Ä¶
99,Juan89182477,RT @criticolombia: Gustavo Bolivar est√° deprimido porque se enter√≥ que en una reuni√≥n chuzaron a Roy y a Petro y a √©l no lo invitaron!
